{"type": "block", "layer": 0, "block": 20, "features": [{"geom": {"lines": [[-3464.8042058600113, -1779.6896378835663, 3240.801483154297, -3475.7914395993575, -1782.709376647137, 3238.3176879882812, -3481.8138240529224, -1795.258927732706, 3237.1310119628906, -3497.509872253984, -1817.7696340605617, 3233.9083557128906, -3501.428318331018, -1854.1238945042714, 3233.6340942382812, -3497.2427054764703, -1880.0070827696472, 3235.01513671875, -3493.58029422909, -1912.9688056744635, 3236.3840942382812, -3492.0106894085184, -1944.361726084724, 3237.2515258789062, -3499.680602323264, -1949.4010524917394, 3235.6435546875, -3502.7307563731447, -1951.420703791082, 3235.0057373046875, -3526.2748286742717, -1973.6564415208995, 3230.2281494140625, -3541.447675271891, -2001.8922069836408, 3227.450958251953, -3542.494078482501, -2014.9708218136802, 3227.477813720703, -3521.04281260632, -2020.4806964099407, 3232.225860595703, -3492.0106894085184, -2032.2455400936306, 3238.7017211914062, -3462.4553646035492, -2063.3634655121714, 3245.536102294922, -3437.6088542593643, -2096.3244083710015, 3251.2902221679688, -3416.157588383183, -2122.481297143735, 3256.1534118652344, -3383.986255544238, -2163.285082988441, 3263.3409423828125, -3340.170903966762, -2231.7157455189154, 3272.9837341308594, -3322.8384592514485, -2260.7740847347304, 3276.715301513672, -3318.374547669664, -2268.2641383102164, 3277.6669921875, -3283.4981512036175, -2308.8318681092933, 3284.889434814453]]}, "mtl": {"idx": 0}}, {"geom": {"lines": [[-3111.520669876598, -2303.91041970253, 3314.0370178222656, -3132.259491013363, -2320.047268743627, 3310.6596069335938, -3200.598526409827, -2311.1259286515415, 3301.0352783203125, -3283.4981512036175, -2308.8318681092933, 3284.889434814453]]}, "mtl": {"idx": 0}}, {"geom": {"lines": [[-3340.170903966762, -2231.7157455189154, 3272.9837341308594, -3324.4637238159776, -2218.2845599995926, 3276.0986328125, -3308.2778698541224, -2199.676937500015, 3279.306182861328, -3292.570689703338, -2181.814362165518, 3282.4533081054688]]}, "mtl": {"idx": 0}}, {"geom": {"lines": [[-3322.8384592514485, -2260.7740847347304, 3276.715301513672, -3308.055230874568, -2250.8919087303802, 3279.649932861328, -3297.75817797333, -2231.637315308675, 3281.6395874023438, -3290.0660011610016, -2220.7159004211426, 3283.1575927734375, -3268.2139851171523, -2213.833636455238, 3287.6075439453125, -3261.3344405870885, -2205.7356940954924, 3288.993621826172, -3249.21174803935, -2193.833860310726, 3291.457275390625, -3233.0481579778716, -2187.579017763026, 3294.7826538085938]]}, "mtl": {"idx": 0}}, {"geom": {"lines": [[-3410.224259523675, -1953.2050554705784, 3255.4125366210938, -3422.001861648634, -1961.3032617736608, 3252.9190063476562, -3448.306657324545, -1978.3035849956796, 3247.3746948242188, -3475.0122031643987, -1969.0092952605337, 3241.386932373047, -3486.344527329318, -1964.1464556818828, 3238.8225708007812, -3499.680602323264, -1949.4010524917394, 3235.6435546875]]}, "mtl": {"idx": 0}}, {"geom": {"lines": [[-3340.170903966762, -2231.7157455189154, 3272.9837341308594, -3366.531359385699, -2248.519400311634, 3267.758331298828, -3386.7692428138107, -2274.79341994226, 3263.9203491210938, -3403.567353973165, -2294.1851578820497, 3260.754425048828, -3425.5418214565143, -2317.439493473619, 3256.642852783203, -3434.5809641070664, -2334.242962345481, 3255.064422607422, -3454.8299794839695, -2346.732798330486, 3251.2311401367188, -3487.134895711206, -2366.987073538825, 3245.181610107422, -3519.016797875054, -2382.90811233595, 3239.212646484375, -3546.579503795132, -2400.142796027474, 3234.1678466796875, -3579.3185660392046, -2419.534220237285, 3228.224395751953, -3615.931546558626, -2437.6119248839095, 3221.5790100097656, -3651.6762350546196, -2457.8659625221044, 3215.2327270507812, -3688.3003475256264, -2471.64965777006, 3206.23681640625, -3727.9189542979, -2496.197515175678, 3196.873321533203, -3769.2741451282054, -2515.157348607667, 3187.752197265625, -3804.1616735402495, -2533.254436937161, 3181.0625, -3817.520012437366, -2536.2542752297595, 3177.6632690429688, -3842.5557659175247, -2538.0188854523003, 3170.3851013183594]]}, "mtl": {"idx": 0}}, {"geom": {"lines": [[-4510.617426015437, 2636.466987118125, 2681.6058349609375, -4482.720761622302, 2561.2054980453104, 2685.653793334961, -4422.619368542917, 2399.011234981008, 2701.6754302978516, -4364.009656638838, 2240.842236842029, 2729.6180419921875, -4335.9348810641095, 2226.2850440740585, 2733.627395629883, -4094.594225021079, 2303.64251545351, 2727.8761291503906]]}, "mtl": {"idx": 0}}, {"geom": {"lines": [[-4335.9348810641095, 2226.2850440740585, 2733.627395629883, -4630.185691076331, 2111.908052865416, 2735.3748474121094]]}, "mtl": {"idx": 0}}, {"geom": {"lines": [[-4183.104352152906, 2488.29908030387, 2670.3597717285156, -4422.619368542917, 2399.011234981008, 2701.6754302978516, -4670.7282496243715, 2306.3499428508803, 2727.5834045410156]]}, "mtl": {"idx": 0}}, {"geom": {"lines": [[-4349.3043519072235, 2611.2358641950414, 2662.326461791992, -4482.720761622302, 2561.2054980453104, 2685.653793334961, -4627.447231601924, 2508.0167063158005, 2705.990768432617]]}, "mtl": {"idx": 0}}, {"geom": {"lines": [[-4246.701177241281, 2011.854093849659, 2789.9908142089844, -4094.594225021079, 2303.64251545351, 2727.8761291503906]]}, "mtl": {"idx": 0}}, {"geom": {"lines": [[2617.5146599002182, -2445.082200500183, 2970.2977600097656, 2618.7614381955937, -2423.945811486803, 2970.4692993164062, 2622.7689398666844, -2356.0658494373783, 2970.9580688476562, 2624.438732226379, -2349.5170290395617, 2970.9714965820312, 2630.2830054946244, -2347.771983145736, 2970.850311279297, 2668.2763477014378, -2349.418992760591, 2969.9798583984375, 2686.788779019378, -2350.2228901861235, 2969.5635986328125]]}, "mtl": {"idx": 0}}, {"geom": {"lines": [[2529.6613177647814, -2255.4604559503496, 2975.37109375, 2527.6464349823073, -2288.440189011395, 2974.6466674804688, 2526.677955413237, -2304.204530255869, 2974.292510986328, 2518.4514450421557, -2438.592276423238, 2971.0574340820312, 2543.5205943686888, -2440.239266736433, 2970.8439331054688, 2598.7239298531786, -2443.846958569251, 2970.4246520996094]]}, "mtl": {"idx": 0}}, {"geom": {"lines": [[2106.3355581788346, -2341.83098127041, 2989.1127014160156, 2110.220608405769, -2350.497391724959, 2989.9623413085938, 2202.4822023753077, -2409.0052123051137, 2988.311737060547]]}, "mtl": {"idx": 0}}, {"geom": {"lines": [[3054.6217724485323, -2386.9079740820453, 2901.310089111328, 3066.677673302591, -2283.812838974409, 2895.1031188964844]]}, "mtl": {"idx": 0}}, {"geom": {"lines": [[2365.29808960855, -2207.3043034458533, 2984.3143005371094, 2335.642577261664, -2233.441210004501, 2982.5901794433594, 2280.1164152547717, -2361.2421586494893, 2981.0449829101562]]}, "mtl": {"idx": 0}}, {"geom": {"lines": [[2106.3355581788346, -2341.83098127041, 2989.1127014160156, 2094.8473867271096, -2345.1250026756898, 2990.073455810547, 1968.2548617981374, -2285.714758601971, 2983.3092346191406, 1965.560930118896, -2280.3227172028273, 2982.1447143554688]]}, "mtl": {"idx": 0}}, {"geom": {"lines": [[2211.187386555597, -2105.108740686439, 2972.7476501464844, 2106.3355581788346, -2341.83098127041, 2989.1127014160156]]}, "mtl": {"idx": 0}}, {"geom": {"lines": [[2381.3837560284883, -2269.519015684724, 2980.4528198242188, 2495.152275621891, -2274.616952941753, 2976.141845703125, 2527.6464349823073, -2288.440189011395, 2974.6466674804688, 2561.3762406930327, -2290.47935933806, 2973.487518310547]]},