{"type": "block", "layer": 0, "block": 23, "features": [{"geom": {"lines": [[3466.336909147911, 7124.715775462799, 2600.7446899414062, 3458.6002045366913, 7080.781157024205, 2593.6444396972656, 3401.181611187756, 7005.358680200763, 2578.623001098633, 3391.3632320975885, 6991.9900148632005, 2576.3008422851562, 3288.693265738897, 6852.238784880377, 2557.4916076660156, 3265.0824017422274, 6820.103622020222, 2554.831741333008, 3196.765630243346, 6727.114595363848, 2547.328323364258, 3071.3196960678324, 6556.352981027216, 2533.549118041992, 3005.173654638231, 6466.31155847013, 2524.5550537109375, 2945.7513104518875, 6385.693279076368, 2515.4612884521484, 2761.517553188838, 6135.717171641067, 2490.795211791992, 2631.9082700591534, 5958.334230951965, 2476.4956817626953, 2556.4002594538033, 5856.60144205112, 2469.5422973632812, 2382.897701105103, 5622.795783548616, 2456.9368438720703, 2205.0202867649496, 5381.480102730915, 2421.4283752441406, 2158.956281475723, 5319.832463258877, 2410.5347900390625, 2140.087627787143, 5294.572970484383, 2405.9767456054688, 2013.9849086161703, 5125.825186057016, 2374.101318359375, 1917.7046810276806, 5009.442778443918, 2349.4258422851562, 1885.3663689531386, 4976.176964796148, 2341.5279846191406, 1865.7852705214173, 4956.040913388133, 2336.7339477539062, 1836.2967374119908, 4933.6675843354315, 2330.2508697509766, 1782.551687256433, 4904.582353207283, 2319.4511108398438, 1729.43002624996, 4868.647916867398, 2308.6263427734375, 1720.0346612250432, 4860.876209252514, 2307.412307739258, 1626.1255387933925, 4783.100686126389, 2297.142608642578, 1617.4314865618944, 4777.684100437909, 2296.296661376953, 1546.2538041491061, 4733.370291672647, 2290.1910705566406]]}, "mtl": {"idx": 0}}, {"geom": {"lines": [[2158.956281475723, 5319.832463258877, 2410.5347900390625, 2419.0765356114134, 5124.294343709014, 2413.0773315429688, 2424.564586508088, 5120.172846590169, 2412.2869415283203, 2583.039013600908, 5001.02327582147, 2388.3209533691406, 2651.389180948958, 4949.642919708043, 2377.309036254883, 2746.0998037168756, 4878.441064582206, 2361.3763580322266, 2833.3520206008106, 4812.852724357508, 2361.9628143310547]]}, "mtl": {"idx": 0}}, {"geom": {"lines": [[2419.0765356114134, 5124.294343709014, 2413.0773315429688, 2195.780769029632, 4824.588718097657, 2372.5782775878906]]}, "mtl": {"idx": 0}}], "featureCount": 3, "startIndex": 1150}